-- 建立假資料
/*
TRUNCATE TABLE community;
*/
INSERT INTO community (name, address,[function])
VALUES 
(N'台中社區一號', N'台中市北區中清路100號',15),
(N'高雄社區二號', N'高雄市三民區建國一路200號',15),
(N'新北社區三號', N'新北市板橋區文化路300號',15),
(N'台南社區四號', N'台南市東區林森路400號',15),
(N'桃園社區五號', N'桃園市中壢區中山東路500號',15);
------------------------------------------------------------------------------------tim開始

INSERT INTO roles (description, note, community_id)
VALUES
    (N'住戶', N'一般住戶', 1),    -- 住戶為1
    (N'保全', N'巡邏及收件', 1),    -- 保全為2
    (N'訪客', N'臨時進入者', 1);

	-- users
INSERT INTO users
    (name, gender, contact_info, emergency_contact_name, emergency_contact_phone, emergency_contact_relation, line_id, state, last_alter_at, photo, email, community_id)
VALUES
    (N'陳志明', N'男', N'0912345001', N'陳媽媽', N'0987654001', N'母親', N'chihmingline', N'啟用', GETDATE(), NULL, N'chihming@example.com', 1),
    (N'林慧如', N'女', N'0912345002', N'林爸爸', N'0987654002', N'父親', N'huiline', N'啟用', GETDATE(), NULL, N'huilu@example.com', 1),
    (N'張嘉豪', N'男', N'0912345003', N'張姐姐', N'0987654003', N'姊姊', N'jiahaoline', N'啟用', GETDATE(), NULL, N'jiahao@example.com', 1),
    (N'黃怡君', N'女', N'0912345004', N'黃妹妹', N'0987654004', N'妹妹', N'yijunline', N'啟用', GETDATE(), NULL, N'yijun@example.com', 1),
    (N'吳建宏', N'男', N'0912345005', N'吳弟弟', N'0987654005', N'弟弟', N'jianhongline', N'啟用', GETDATE(), NULL, N'jianhong@example.com', 1),
    (N'李靜芳', N'女', N'0912345006', N'李姊姊', N'0987654006', N'姊姊', N'jingfangline', N'啟用', GETDATE(), NULL, N'jingfang@example.com', 1),
    (N'許文龍', N'男', N'0912345007', N'許媽媽', N'0987654007', N'母親', N'wenlongline', N'啟用', GETDATE(), NULL, N'wenlong@example.com', 1),
    (N'鄭雅文', N'女', N'0912345008', N'鄭哥哥', N'0987654008', N'哥哥', N'yawenline', N'啟用', GETDATE(), NULL, N'yawen@example.com', 1),
    (N'徐俊傑', N'男', N'0912345009', N'徐媽媽', N'0987654009', N'母親', N'junjieline', N'啟用', GETDATE(), NULL, N'junjie@example.com', 1),
    (N'曾詩涵', N'女', N'0912345010', N'曾爸爸', N'0987654010', N'父親', N'shihanline', N'啟用', GETDATE(), NULL, N'shihan@example.com', 1),
    (N'賴怡婷', N'女', N'0912345011', N'賴妹妹', N'0987654011', N'妹妹', N'yitingline', N'啟用', GETDATE(), NULL, N'yiting@example.com', 1),
    (N'葉冠宇', N'男', N'0912345012', N'葉爸爸', N'0987654012', N'父親', N'guanyuline', N'啟用', GETDATE(), NULL, N'guanyu@example.com', 1),
    (N'蔡子晴', N'女', N'0912345013', N'蔡媽媽', N'0987654013', N'母親', N'ziqingline', N'啟用', GETDATE(), NULL, N'ziqing@example.com', 1),
    (N'簡承翰', N'男', N'0912345014', N'簡哥哥', N'0987654014', N'哥哥', N'chenghanline', N'啟用', GETDATE(), NULL, N'chenghan@example.com', 1),
    (N'馮偉翔', N'男', N'0912345015', N'馮姐姐', N'0987654015', N'姊姊', N'weixiangline', N'啟用', GETDATE(), NULL, N'weixiang@example.com', 1),
    (N'鄒佩君', N'女', N'0912345016', N'鄒媽媽', N'0987654016', N'母親', N'peijunline', N'啟用', GETDATE(), NULL, N'peijun@example.com', 1),
    (N'溫柏翰', N'男', N'0912345017', N'溫爸爸', N'0987654017', N'父親', N'bohanline', N'啟用', GETDATE(), NULL, N'bohan@example.com', 1),
    (N'洪雅婷', N'女', N'0912345018', N'洪姐姐', N'0987654018', N'姊姊', N'yatingline', N'啟用', GETDATE(), NULL, N'yating@example.com', 1),
    (N'郭家豪', N'男', N'0912345019', N'郭媽媽', N'0987654019', N'母親', N'jiahaoline2', N'啟用', GETDATE(), NULL, N'jiahao2@example.com', 1),
    (N'戴子涵', N'女', N'0912345020', N'戴哥哥', N'0987654020', N'哥哥', N'zihanline', N'啟用', GETDATE(), NULL, N'zihan@example.com', 1),
    (N'張明軒', N'男', N'0912345021', N'張弟弟', N'0987654021', N'弟弟', N'mingxianline', N'啟用', GETDATE(), NULL, N'mingxian@example.com', 1),
    (N'李冠霖', N'男', N'0912345022', N'李爸爸', N'0987654022', N'父親', N'guanlinline', N'啟用', GETDATE(), NULL, N'guanlin@example.com', 1),
    (N'黃子涵', N'女', N'0912345023', N'黃媽媽', N'0987654023', N'母親', N'zihanline2', N'啟用', GETDATE(), NULL, N'zihan2@example.com', 1),
    (N'陳柏睿', N'男', N'0912345024', N'陳姐姐', N'0987654024', N'姊姊', N'boruiline', N'啟用', GETDATE(), NULL, N'borui@example.com', 1),
    (N'林承恩', N'男', N'0912345025', N'林爸爸', N'0987654025', N'父親', N'chengenline', N'啟用', GETDATE(), NULL, N'chengen@example.com', 1),
    (N'吳子瑜', N'女', N'0912345026', N'吳媽媽', N'0987654026', N'母親', N'ziyuline', N'啟用', GETDATE(), NULL, N'ziyu@example.com', 1),
    (N'徐偉哲', N'男', N'0912345027', N'徐哥哥', N'0987654027', N'哥哥', N'weizheline', N'啟用', GETDATE(), NULL, N'weizhe@example.com', 1),
    (N'曾佳欣', N'女', N'0912345028', N'曾弟弟', N'0987654028', N'弟弟', N'jiaxinline', N'啟用', GETDATE(), NULL, N'jiaxin@example.com', 1),
    (N'鄭柏宇', N'男', N'0912345029', N'鄭媽媽', N'0987654029', N'母親', N'boyuline', N'啟用', GETDATE(), NULL, N'boyu@example.com', 1),
    (N'許冠宇', N'男', N'0912345030', N'許爸爸', N'0987654030', N'父親', N'guanyuline2', N'啟用', GETDATE(), NULL, N'guanyu2@example.com', 1),
    (N'葉子晴', N'女', N'0912345031', N'葉姊姊', N'0987654031', N'姊姊', N'ziqingline2', N'啟用', GETDATE(), NULL, N'ziqing2@example.com', 1),
    (N'蔡佳蓉', N'女', N'0912345032', N'蔡媽媽', N'0987654032', N'母親', N'jiarongline', N'啟用', GETDATE(), NULL, N'jiarong@example.com', 1),
    (N'簡承哲', N'男', N'0912345033', N'簡哥哥', N'0987654033', N'哥哥', N'chengzheline', N'啟用', GETDATE(), NULL, N'chengzhe@example.com', 1),
    (N'馮柏翰', N'男', N'0912345034', N'馮爸爸', N'0987654034', N'父親', N'bohanline2', N'啟用', GETDATE(), NULL, N'bohan2@example.com', 1),
    (N'鄒欣怡', N'女', N'0912345035', N'鄒姊姊', N'0987654035', N'姊姊', N'xinyiline', N'啟用', GETDATE(), NULL, N'xinyi@example.com', 1),
    (N'溫明軒', N'男', N'0912345036', N'溫哥哥', N'0987654036', N'哥哥', N'mingxianline2', N'啟用', GETDATE(), NULL, N'mingxian2@example.com', 1),
    (N'洪怡珊', N'女', N'0912345037', N'洪媽媽', N'0987654037', N'母親', N'yishanline', N'啟用', GETDATE(), NULL, N'yishan@example.com', 1),
    (N'郭俊宏', N'男', N'0912345038', N'郭爸爸', N'0987654038', N'父親', N'junhongline', N'啟用', GETDATE(), NULL, N'junhong@example.com', 1),
    (N'戴依婷', N'女', N'0912345039', N'戴姊姊', N'0987654039', N'姊姊', N'yitingline2', N'啟用', GETDATE(), NULL, N'yiting2@example.com', 1),
    (N'張子瑜', N'女', N'0912345040', N'張媽媽', N'0987654040', N'母親', N'ziyuline2', N'啟用', GETDATE(), NULL, N'ziyu2@example.com', 1),
    (N'李志豪', N'男', N'0912345041', N'李爸爸', N'0987654041', N'父親', N'zhihaoline', N'啟用', GETDATE(), NULL, N'zhihao@example.com', 1),
    (N'黃信宏', N'男', N'0912345042', N'黃哥哥', N'0987654042', N'哥哥', N'xinhongline', N'啟用', GETDATE(), NULL, N'xinhong@example.com', 1),
    (N'吳欣怡', N'女', N'0912345043', N'吳媽媽', N'0987654043', N'母親', N'xinyiline2', N'啟用', GETDATE(), NULL, N'xinyi2@example.com', 1),
    (N'徐冠豪', N'男', N'0912345044', N'徐爸爸', N'0987654044', N'父親', N'guanhaoline', N'啟用', GETDATE(), NULL, N'guanhao@example.com', 1),
    (N'曾雅惠', N'女', N'0912345045', N'曾姐姐', N'0987654045', N'姊姊', N'yahuiline', N'啟用', GETDATE(), NULL, N'yahui@example.com', 1),
    (N'鄭承恩', N'男', N'0912345046', N'鄭爸爸', N'0987654046', N'父親', N'chengenline2', N'啟用', GETDATE(), NULL, N'chengen2@example.com', 1),
    (N'許雅涵', N'女', N'0912345047', N'許媽媽', N'0987654047', N'母親', N'yahanline', N'啟用', GETDATE(), NULL, N'yahan@example.com', 1),
    (N'葉承翰', N'男', N'0912345048', N'葉爸爸', N'0987654048', N'父親', N'chenghanline4', N'啟用', GETDATE(), NULL, N'chenghan4@example.com', 1),
    (N'蔡怡君', N'女', N'0912345049', N'蔡姊姊', N'0987654049', N'姊姊', N'yijunline3', N'啟用', GETDATE(), NULL, N'yijun3@example.com', 1),
    (N'簡柏宇', N'男', N'0912345050', N'簡爸爸', N'0987654050', N'父親', N'boyuline2', N'啟用', GETDATE(), NULL, N'boyu2@example.com', 1),
    (N'馮冠霖', N'男', N'0912345051', N'馮爸爸', N'0987654051', N'父親', N'guanlinline4', N'啟用', GETDATE(), NULL, N'guanlin4@example.com', 1),
    (N'鄒欣怡', N'女', N'0912345052', N'鄒媽媽', N'0987654052', N'母親', N'xinyiline3', N'啟用', GETDATE(), NULL, N'xinyi3@example.com', 1),
    (N'溫文傑', N'男', N'0912345053', N'溫爸爸', N'0987654053', N'父親', N'wenjieline', N'啟用', GETDATE(), NULL, N'wenjie@example.com', 1),
    (N'洪子涵', N'女', N'0912345054', N'洪媽媽', N'0987654054', N'母親', N'zihanline4', N'啟用', GETDATE(), NULL, N'zihan4@example.com', 1),
    (N'郭柏翰', N'男', N'0912345055', N'郭爸爸', N'0987654055', N'父親', N'bohanline3', N'啟用', GETDATE(), NULL, N'bohan3@example.com', 1),
    (N'戴雅婷', N'女', N'0912345056', N'戴姐姐', N'0987654056', N'姊姊', N'yatingline3', N'啟用', GETDATE(), NULL, N'yating3@example.com', 1),
    (N'張家豪', N'男', N'0912345057', N'張爸爸', N'0987654057', N'父親', N'jiahaoline4', N'啟用', GETDATE(), NULL, N'jiahao4@example.com', 1),
    (N'李慧婷', N'女', N'0912345058', N'李媽媽', N'0987654058', N'母親', N'huitingline', N'啟用', GETDATE(), NULL, N'huiting@example.com', 1),
    (N'黃文強', N'男', N'0912345059', N'黃爸爸', N'0987654059', N'父親', N'wenqiangline', N'啟用', GETDATE(), NULL, N'wenqiang@example.com', 1),
    (N'吳依婷', N'女', N'0912345060', N'吳媽媽', N'0987654060', N'母親', N'yitingline4', N'啟用', GETDATE(), NULL, N'yiting4@example.com', 1),
    (N'徐冠宇', N'男', N'0912345061', N'徐爸爸', N'0987654061', N'父親', N'guanyuline4', N'啟用', GETDATE(), NULL, N'guanyu4@example.com', 1),
    (N'曾子瑜', N'女', N'0912345062', N'曾媽媽', N'0987654062', N'母親', N'ziyuline3', N'啟用', GETDATE(), NULL, N'ziyu3@example.com', 1),
    (N'鄭文龍', N'男', N'0912345063', N'鄭爸爸', N'0987654063', N'父親', N'wenlongline2', N'啟用', GETDATE(), NULL, N'wenlong2@example.com', 1),
    (N'許佳欣', N'女', N'0912345064', N'許姊姊', N'0987654064', N'姊姊', N'jiaxinline2', N'啟用', GETDATE(), NULL, N'jiaxin2@example.com', 1),
    (N'葉承哲', N'男', N'0912345065', N'葉哥哥', N'0987654065', N'哥哥', N'chengzheline2', N'啟用', GETDATE(), NULL, N'chengzhe2@example.com', 1),
    (N'蔡怡婷', N'女', N'0912345066', N'蔡媽媽', N'0987654066', N'母親', N'yitingline5', N'啟用', GETDATE(), NULL, N'yiting5@example.com', 1),
    (N'簡志明', N'男', N'0912345067', N'簡爸爸', N'0987654067', N'父親', N'chihmingline2', N'啟用', GETDATE(), NULL, N'chihming2@example.com', 1),
    (N'馮佩君', N'女', N'0912345068', N'馮姊姊', N'0987654068', N'姊姊', N'peijunline2', N'啟用', GETDATE(), NULL, N'peijun2@example.com', 1),
    (N'鄒俊宏', N'男', N'0912345069', N'鄒爸爸', N'0987654069', N'父親', N'junhongline2', N'啟用', GETDATE(), NULL, N'junhong2@example.com', 1),
    (N'溫佳蓉', N'女', N'0912345070', N'溫媽媽', N'0987654070', N'母親', N'jiarongline2', N'啟用', GETDATE(), NULL, N'jiarong2@example.com', 1),
    (N'洪明軒', N'男', N'0912345071', N'洪爸爸', N'0987654071', N'父親', N'mingxianline3', N'啟用', GETDATE(), NULL, N'mingxian3@example.com', 1),
    (N'郭慧如', N'女', N'0912345072', N'郭媽媽', N'0987654072', N'母親', N'huiline2', N'啟用', GETDATE(), NULL, N'hui2@example.com', 1),
    (N'戴偉翔', N'男', N'0912345073', N'戴爸爸', N'0987654073', N'父親', N'weixiangline2', N'啟用', GETDATE(), NULL, N'weixiang2@example.com', 1),
    (N'張欣怡', N'女', N'0912345074', N'張媽媽', N'0987654074', N'母親', N'xinyiline4', N'啟用', GETDATE(), NULL, N'xinyi4@example.com', 1),
    (N'李俊傑', N'男', N'0912345075', N'李爸爸', N'0987654075', N'父親', N'junjieline2', N'啟用', GETDATE(), NULL, N'junjie2@example.com', 1),
    (N'黃詩涵', N'女', N'0912345076', N'黃媽媽', N'0987654076', N'母親', N'shihanline2', N'啟用', GETDATE(), NULL, N'shihan2@example.com', 1),
    (N'吳文龍', N'男', N'0912345077', N'吳爸爸', N'0987654077', N'父親', N'wenlongline3', N'啟用', GETDATE(), NULL, N'wenlong3@example.com', 1),
    (N'徐慧如', N'女', N'0912345078', N'徐媽媽', N'0987654078', N'母親', N'huiline3', N'啟用', GETDATE(), NULL, N'hui3@example.com', 1),
    (N'曾家豪', N'男', N'0912345079', N'曾爸爸', N'0987654079', N'父親', N'jiahaoline5', N'啟用', GETDATE(), NULL, N'jiahao5@example.com', 1),
    (N'鄭佩君', N'女', N'0912345080', N'鄭姊姊', N'0987654080', N'姊姊', N'peijunline3', N'啟用', GETDATE(), NULL, N'peijun3@example.com', 1),
    (N'許偉翔', N'男', N'0912345081', N'許爸爸', N'0987654081', N'父親', N'weixiangline3', N'啟用', GETDATE(), NULL, N'weixiang3@example.com', 1),
    (N'葉欣怡', N'女', N'0912345082', N'葉媽媽', N'0987654082', N'母親', N'xinyiline5', N'啟用', GETDATE(), NULL, N'xinyi5@example.com', 1),
    (N'蔡俊宏', N'男', N'0912345083', N'蔡爸爸', N'0987654083', N'父親', N'junhongline3', N'啟用', GETDATE(), NULL, N'junhong3@example.com', 1),
    (N'簡怡君', N'女', N'0912345084', N'簡媽媽', N'0987654084', N'母親', N'yijunline4', N'啟用', GETDATE(), NULL, N'yijun4@example.com', 1),
    (N'馮文傑', N'男', N'0912345085', N'馮爸爸', N'0987654085', N'父親', N'wenjieline2', N'啟用', GETDATE(), NULL, N'wenjie2@example.com', 1),
    (N'鄒怡婷', N'女', N'0912345086', N'鄒媽媽', N'0987654086', N'母親', N'yitingline6', N'啟用', GETDATE(), NULL, N'yiting6@example.com', 1),
    (N'溫志明', N'男', N'0912345087', N'溫爸爸', N'0987654087', N'父親', N'chihmingline3', N'啟用', GETDATE(), NULL, N'chihming3@example.com', 1),
    (N'洪子瑜', N'女', N'0912345088', N'洪媽媽', N'0987654088', N'母親', N'ziyuline4', N'啟用', GETDATE(), NULL, N'ziyu4@example.com', 1),
    (N'郭承翰', N'男', N'0912345089', N'郭爸爸', N'0987654089', N'父親', N'chenghanline5', N'啟用', GETDATE(), NULL, N'chenghan5@example.com', 1),
    (N'戴佳蓉', N'女', N'0912345090', N'戴媽媽', N'0987654090', N'母親', N'jiarongline3', N'啟用', GETDATE(), NULL, N'jiarong3@example.com', 1),
    (N'張信宏', N'男', N'0912345091', N'張爸爸', N'0987654091', N'父親', N'xinhongline2', N'啟用', GETDATE(), NULL, N'xinhong2@example.com', 1),
    (N'李雅文', N'女', N'0912345092', N'李姊姊', N'0987654092', N'姊姊', N'yawenline2', N'啟用', GETDATE(), NULL, N'yawen2@example.com', 1),
    (N'黃文龍', N'男', N'0912345093', N'黃爸爸', N'0987654093', N'父親', N'wenlongline4', N'啟用', GETDATE(), NULL, N'wenlong4@example.com', 1),
    (N'吳慧婷', N'女', N'0912345094', N'吳媽媽', N'0987654094', N'母親', N'huitingline2', N'啟用', GETDATE(), NULL, N'huiting2@example.com', 1),
    (N'徐承哲', N'男', N'0912345095', N'徐爸爸', N'0987654095', N'父親', N'chengzheline3', N'啟用', GETDATE(), NULL, N'chengzhe3@example.com', 1),
    (N'曾雅涵', N'女', N'0912345096', N'曾姊姊', N'0987654096', N'姊姊', N'yahanline2', N'啟用', GETDATE(), NULL, N'yahan2@example.com', 1),
    (N'鄭志豪', N'男', N'0912345097', N'鄭爸爸', N'0987654097', N'父親', N'zhihaoline2', N'啟用', GETDATE(), NULL, N'zhihao2@example.com', 1),
    (N'許欣怡', N'女', N'0912345098', N'許媽媽', N'0987654098', N'母親', N'xinyiline6', N'啟用', GETDATE(), NULL, N'xinyi6@example.com', 1),
    (N'葉俊傑', N'男', N'0912345099', N'葉爸爸', N'0987654099', N'父親', N'junjieline3', N'啟用', GETDATE(), NULL, N'junjie3@example.com', 1),
    (N'蔡雅惠', N'女', N'0912345100', N'蔡姊姊', N'0987654100', N'姊姊', N'yahuiline2', N'啟用', GETDATE(), NULL, N'yahui2@example.com', 1),
    (N'簡冠霖', N'男', N'0912345101', N'簡爸爸', N'0987654101', N'父親', N'guanlinline5', N'啟用', GETDATE(), NULL, N'guanlin5@example.com', 1),
    (N'馮佳欣', N'女', N'0912345102', N'馮媽媽', N'0987654102', N'母親', N'jiaxinline3', N'啟用', GETDATE(), NULL, N'jiaxin3@example.com', 1),
    (N'鄒子涵', N'女', N'0912345103', N'鄒媽媽', N'0987654103', N'母親', N'zihanline5', N'啟用', GETDATE(), NULL, N'zihan5@example.com', 1),
    (N'溫家豪', N'男', N'0912345104', N'溫爸爸', N'0987654104', N'父親', N'jiahaoline6', N'啟用', GETDATE(), NULL, N'jiahao6@example.com', 1),
    (N'洪怡婷', N'女', N'0912345105', N'洪媽媽', N'0987654105', N'母親', N'yitingline7', N'啟用', GETDATE(), NULL, N'yiting7@example.com', 1),
    (N'郭俊宏', N'男', N'0912345106', N'郭爸爸', N'0987654106', N'父親', N'junhongline4', N'啟用', GETDATE(), NULL, N'junhong4@example.com', 1),
    (N'戴子晴', N'女', N'0912345107', N'戴媽媽', N'0987654107', N'母親', N'ziqingline3', N'啟用', GETDATE(), NULL, N'ziqing3@example.com', 1),
    (N'張承翰', N'男', N'0912345108', N'張爸爸', N'0987654108', N'父親', N'chenghanline6', N'啟用', GETDATE(), NULL, N'chenghan6@example.com', 1),
    (N'李怡君', N'女', N'0912345109', N'李媽媽', N'0987654109', N'母親', N'yijunline5', N'啟用', GETDATE(), NULL, N'yijun5@example.com', 1),
    (N'黃柏翰', N'男', N'0912345110', N'黃爸爸', N'0987654110', N'父親', N'bohanline4', N'啟用', GETDATE(), NULL, N'bohan4@example.com', 1),
    (N'吳子瑜', N'女', N'0912345111', N'吳媽媽', N'0987654111', N'母親', N'ziyuline5', N'啟用', GETDATE(), NULL, N'ziyu5@example.com', 1),
    (N'徐承恩', N'男', N'0912345112', N'徐爸爸', N'0987654112', N'父親', N'chengenline3', N'啟用', GETDATE(), NULL, N'chengen3@example.com', 1),
    (N'曾慧如', N'女', N'0912345113', N'曾媽媽', N'0987654113', N'母親', N'huiline4', N'啟用', GETDATE(), NULL, N'hui4@example.com', 1),
    (N'鄭志明', N'男', N'0912345114', N'鄭爸爸', N'0987654114', N'父親', N'chihmingline4', N'啟用', GETDATE(), NULL, N'chihming4@example.com', 1),
    (N'許雅婷', N'女', N'0912345115', N'許媽媽', N'0987654115', N'母親', N'yatingline8', N'啟用', GETDATE(), NULL, N'yating8@example.com', 1),
    (N'葉偉翔', N'男', N'0912345116', N'葉爸爸', N'0987654116', N'父親', N'weixiangline4', N'啟用', GETDATE(), NULL, N'weixiang4@example.com', 1),
    (N'蔡佳欣', N'女', N'0912345117', N'蔡媽媽', N'0987654117', N'母親', N'jiaxinline4', N'啟用', GETDATE(), NULL, N'jiaxin4@example.com', 1),
    (N'簡志豪', N'男', N'0912345118', N'簡爸爸', N'0987654118', N'父親', N'zhihaoline3', N'啟用', GETDATE(), NULL, N'zhihao3@example.com', 1),
    (N'馮雅文', N'女', N'0912345119', N'馮姊姊', N'0987654119', N'姊姊', N'yawenline3', N'啟用', GETDATE(), NULL, N'yawen3@example.com', 1),
    (N'鄒明軒', N'男', N'0912345120', N'鄒爸爸', N'0987654120', N'父親', N'mingxianline4', N'啟用', GETDATE(), NULL, N'mingxian4@example.com', 1),
    (N'溫怡婷', N'女', N'0912345121', N'溫媽媽', N'0987654121', N'母親', N'yitingline9', N'啟用', GETDATE(), NULL, N'yiting9@example.com', 1),
    (N'洪柏宇', N'男', N'0912345122', N'洪爸爸', N'0987654122', N'父親', N'boyuline3', N'啟用', GETDATE(), NULL, N'boyu3@example.com', 1),
    (N'郭怡君', N'女', N'0912345123', N'郭媽媽', N'0987654123', N'母親', N'yijunline6', N'啟用', GETDATE(), NULL, N'yijun6@example.com', 1),
    (N'戴承哲', N'男', N'0912345124', N'戴爸爸', N'0987654124', N'父親', N'chengzheline4', N'啟用', GETDATE(), NULL, N'chengzhe4@example.com', 1),
    (N'劉家維', N'男', N'0912345125', N'劉爸爸', N'0987654125', N'父親', N'jiaweiline', N'啟用', GETDATE(), NULL, N'jiawei@example.com', 1),
    (N'趙怡潔', N'女', N'0912345126', N'趙媽媽', N'0987654126', N'母親', N'yijieline', N'啟用', GETDATE(), NULL, N'yijie@example.com', 1),
    (N'邱冠廷', N'男', N'0912345127', N'邱爸爸', N'0987654127', N'父親', N'guantingline', N'啟用', GETDATE(), NULL, N'guanting@example.com', 1),
    (N'韓佩芳', N'女', N'0912345128', N'韓媽媽', N'0987654128', N'母親', N'peifangline', N'啟用', GETDATE(), NULL, N'peifang@example.com', 1),
    (N'鐘志軒', N'男', N'0912345129', N'鐘爸爸', N'0987654129', N'父親', N'zhixianline', N'啟用', GETDATE(), NULL, N'zhixian@example.com', 1),
    (N'蘇惠敏', N'女', N'0912345130', N'蘇媽媽', N'0987654130', N'母親', N'huiminline', N'啟用', GETDATE(), NULL, N'huimin@example.com', 1),
    (N'邵柏宇', N'男', N'0912345131', N'邵爸爸', N'0987654131', N'父親', N'boyuline4', N'啟用', GETDATE(), NULL, N'boyu4@example.com', 1),
    (N'沈子涵', N'女', N'0912345132', N'沈媽媽', N'0987654132', N'母親', N'zihanline6', N'啟用', GETDATE(), NULL, N'zihan6@example.com', 1),
    (N'羅冠宇', N'男', N'0912345133', N'羅爸爸', N'0987654133', N'父親', N'guanyuline5', N'啟用', GETDATE(), NULL, N'guanyu5@example.com', 1),
    (N'姚詩婷', N'女', N'0912345134', N'姚媽媽', N'0987654134', N'母親', N'shitingline', N'啟用', GETDATE(), NULL, N'shiting@example.com', 1),
    (N'潘柏睿', N'男', N'0912345135', N'潘爸爸', N'0987654135', N'父親', N'boruiline2', N'啟用', GETDATE(), NULL, N'borui2@example.com', 1),
    (N'杜雅芬', N'女', N'0912345136', N'杜媽媽', N'0987654136', N'母親', N'yafinline', N'啟用', GETDATE(), NULL, N'yafin@example.com', 1),
    (N'傅承翰', N'男', N'0912345137', N'傅爸爸', N'0987654137', N'父親', N'chenghanline7', N'啟用', GETDATE(), NULL, N'chenghan7@example.com', 1),
    (N'魏怡婷', N'女', N'0912345138', N'魏媽媽', N'0987654138', N'母親', N'yitingline10', N'啟用', GETDATE(), NULL, N'yiting10@example.com', 1),
    (N'藍俊宇', N'男', N'0912345139', N'藍爸爸', N'0987654139', N'父親', N'junyuline', N'啟用', GETDATE(), NULL, N'junyu@example.com', 1),
    (N'許雅君', N'女', N'0912345140', N'許媽媽', N'0987654140', N'母親', N'yajunline', N'啟用', GETDATE(), NULL, N'yajun@example.com', 1),
    (N'謝承哲', N'男', N'0912345141', N'謝爸爸', N'0987654141', N'父親', N'chengzheline5', N'啟用', GETDATE(), NULL, N'chengzhe5@example.com', 1),
    (N'龔怡珊', N'女', N'0912345142', N'龔媽媽', N'0987654142', N'母親', N'yishanline2', N'啟用', GETDATE(), NULL, N'yishan2@example.com', 1),
    (N'汪志豪', N'男', N'0912345143', N'汪爸爸', N'0987654143', N'父親', N'zhihaoline4', N'啟用', GETDATE(), NULL, N'zhihao4@example.com', 1),
    (N'嚴慧婷', N'女', N'0912345144', N'嚴媽媽', N'0987654144', N'母親', N'huitingline3', N'啟用', GETDATE(), NULL, N'huiting3@example.com', 1),    
    (N'王保全', N'男', N'02-87654321', N'保全公司', N'02-12345678', N'保全公司', NULL, N'啟用', GETDATE(), N'https://example.com/photos/u4.jpg', N'safe@example.com', 1);-- 保全

-- units 
INSERT INTO units
    (unit, floor, building, ping, point, community_id)
VALUES
    (N'10', N'2F', N'A棟', 35, 50, 1),
    (N'10-1', N'2F', N'A棟', 35, 50, 1),
    (N'12', N'2F', N'A棟', 35, 50, 1),
    (N'12-1', N'2F', N'A棟', 35, 50, 1),
    (N'10', N'3F', N'A棟', 35, 50, 1),
    (N'10-1', N'3F', N'A棟', 35, 50, 1),
    (N'12', N'3F', N'A棟', 35, 50, 1),
    (N'12-1', N'3F', N'A棟', 35, 50, 1),
    (N'10', N'4F', N'A棟', 35, 50, 1),
    (N'10-1', N'4F', N'A棟', 35, 50, 1),
    (N'12', N'4F', N'A棟', 35, 50, 1),
    (N'12-1', N'4F', N'A棟', 35, 50, 1),
    (N'10', N'5F', N'A棟', 35, 50, 1),
    (N'10-1', N'5F', N'A棟', 35, 50, 1),
    (N'12', N'5F', N'A棟', 35, 50, 1),
    (N'12-1', N'5F', N'A棟', 35, 50, 1),
    (N'10', N'6F', N'A棟', 35, 50, 1),
    (N'10-1', N'6F', N'A棟', 35, 50, 1),
    (N'12', N'6F', N'A棟', 35, 50, 1),
    (N'12-1', N'6F', N'A棟', 35, 50, 1),
    (N'10', N'7F', N'A棟', 35, 50, 1),
    (N'10-1', N'7F', N'A棟', 35, 50, 1),
    (N'12', N'7F', N'A棟', 35, 50, 1),
    (N'12-1', N'7F', N'A棟', 35, 50, 1),
    (N'10', N'8F', N'A棟', 35, 50, 1),
    (N'10-1', N'8F', N'A棟', 35, 50, 1),
    (N'12', N'8F', N'A棟', 35, 50, 1),
    (N'12-1', N'8F', N'A棟', 35, 50, 1),
    (N'10', N'9F', N'A棟', 35, 50, 1),
    (N'10-1', N'9F', N'A棟', 35, 50, 1),
    (N'12', N'9F', N'A棟', 35, 50, 1),
    (N'12-1', N'9F', N'A棟', 35, 50, 1),
    (N'10', N'10F', N'A棟', 35, 50, 1),
    (N'10-1', N'10F', N'A棟', 35, 50, 1),
    (N'12', N'10F', N'A棟', 35, 50, 1),
    (N'12-1', N'10F', N'A棟', 35, 50, 1),
    (N'10', N'11F', N'A棟', 35, 50, 1),
    (N'10-1', N'11F', N'A棟', 35, 50, 1),
    (N'12', N'11F', N'A棟', 35, 50, 1),
    (N'12-1', N'11F', N'A棟', 35, 50, 1),
    (N'10', N'12F', N'A棟', 35, 50, 1),
    (N'10-1', N'12F', N'A棟', 35, 50, 1),
    (N'12', N'12F', N'A棟', 35, 50, 1),
    (N'12-1', N'12F', N'A棟', 35, 50, 1),
    (N'10', N'13F', N'A棟', 35, 50, 1),
    (N'10-1', N'13F', N'A棟', 35, 50, 1),
    (N'12', N'13F', N'A棟', 35, 50, 1),
    (N'12-1', N'13F', N'A棟', 35, 50, 1),
    (N'14', N'2F', N'B棟', 35, 50, 1),
    (N'16', N'2F', N'B棟', 35, 50, 1),
    (N'14', N'3F', N'B棟', 35, 50, 1),
    (N'16', N'3F', N'B棟', 35, 50, 1),
    (N'14', N'4F', N'B棟', 35, 50, 1),
    (N'16', N'4F', N'B棟', 35, 50, 1),
    (N'14', N'5F', N'B棟', 35, 50, 1),
    (N'16', N'5F', N'B棟', 35, 50, 1),
    (N'14', N'6F', N'B棟', 35, 50, 1),
    (N'16', N'6F', N'B棟', 35, 50, 1),
    (N'14', N'7F', N'B棟', 35, 50, 1),
    (N'16', N'7F', N'B棟', 35, 50, 1),
    (N'14', N'8F', N'B棟', 35, 50, 1),
    (N'16', N'8F', N'B棟', 35, 50, 1),
    (N'14', N'9F', N'B棟', 35, 50, 1),
    (N'16', N'9F', N'B棟', 35, 50, 1),
    (N'14', N'10F', N'B棟', 35, 50, 1),
    (N'16', N'10F', N'B棟', 35, 50, 1),
    (N'14', N'11F', N'B棟', 35, 50, 1),
    (N'16', N'11F', N'B棟', 35, 50, 1),
    (N'14', N'12F', N'B棟', 35, 50, 1),
    (N'16', N'12F', N'B棟', 35, 50, 1),
    (N'14', N'13F', N'B棟', 35, 50, 1),
    (N'16', N'13F', N'B棟', 35, 50, 1),
    (N'18', N'2F', N'C棟', 35, 50, 1),
    (N'20', N'2F', N'C棟', 35, 50, 1),
    (N'18', N'3F', N'C棟', 35, 50, 1),
    (N'20', N'3F', N'C棟', 35, 50, 1),
    (N'18', N'4F', N'C棟', 35, 50, 1),
    (N'20', N'4F', N'C棟', 35, 50, 1),
    (N'18', N'5F', N'C棟', 35, 50, 1),
    (N'20', N'5F', N'C棟', 35, 50, 1),
    (N'18', N'6F', N'C棟', 35, 50, 1),
    (N'20', N'6F', N'C棟', 35, 50, 1),
    (N'18', N'7F', N'C棟', 35, 50, 1),
    (N'20', N'7F', N'C棟', 35, 50, 1),
    (N'18', N'8F', N'C棟', 35, 50, 1),
    (N'20', N'8F', N'C棟', 35, 50, 1),
    (N'18', N'9F', N'C棟', 35, 50, 1),
    (N'20', N'9F', N'C棟', 35, 50, 1),
    (N'18', N'10F', N'C棟', 35, 50, 1),
    (N'20', N'10F', N'C棟', 35, 50, 1),
    (N'18', N'11F', N'C棟', 35, 50, 1),
    (N'20', N'11F', N'C棟', 35, 50, 1),
    (N'18', N'12F', N'C棟', 35, 50, 1),
    (N'20', N'12F', N'C棟', 35, 50, 1),
    (N'18', N'13F', N'C棟', 35, 50, 1),
    (N'20', N'13F', N'C棟', 35, 50, 1),
    (N'22', N'2F', N'D棟', 35, 50, 1),
    (N'24', N'2F', N'D棟', 35, 50, 1),
    (N'22', N'3F', N'D棟', 35, 50, 1),
    (N'24', N'3F', N'D棟', 35, 50, 1),
    (N'22', N'4F', N'D棟', 35, 50, 1),
    (N'24', N'4F', N'D棟', 35, 50, 1),
    (N'22', N'5F', N'D棟', 35, 50, 1),
    (N'24', N'5F', N'D棟', 35, 50, 1),
    (N'22', N'6F', N'D棟', 35, 50, 1),
    (N'24', N'6F', N'D棟', 35, 50, 1),
    (N'22', N'7F', N'D棟', 35, 50, 1),
    (N'24', N'7F', N'D棟', 35, 50, 1),
    (N'22', N'8F', N'D棟', 35, 50, 1),
    (N'24', N'8F', N'D棟', 35, 50, 1),
    (N'22', N'9F', N'D棟', 35, 50, 1),
    (N'24', N'9F', N'D棟', 35, 50, 1),
    (N'22', N'10F', N'D棟', 35, 50, 1),
    (N'24', N'10F', N'D棟', 35, 50, 1),
    (N'22', N'11F', N'D棟', 35, 50, 1),
    (N'24', N'11F', N'D棟', 35, 50, 1),
    (N'22', N'12F', N'D棟', 35, 50, 1),
    (N'24', N'12F', N'D棟', 35, 50, 1),
    (N'22', N'13F', N'D棟', 35, 50, 1),
    (N'24', N'13F', N'D棟', 35, 50, 1),
    (N'26', N'2F', N'E棟', 35, 50, 1),
    (N'28', N'2F', N'E棟', 35, 50, 1),
    (N'26', N'3F', N'E棟', 35, 50, 1),
    (N'28', N'3F', N'E棟', 35, 50, 1),
    (N'26', N'4F', N'E棟', 35, 50, 1),
    (N'28', N'4F', N'E棟', 35, 50, 1),
    (N'26', N'5F', N'E棟', 35, 50, 1),
    (N'28', N'5F', N'E棟', 35, 50, 1),
    (N'26', N'6F', N'E棟', 35, 50, 1),
    (N'28', N'6F', N'E棟', 35, 50, 1),
    (N'26', N'7F', N'E棟', 35, 50, 1),
    (N'28', N'7F', N'E棟', 35, 50, 1),
    (N'26', N'8F', N'E棟', 35, 50, 1),
    (N'28', N'8F', N'E棟', 35, 50, 1),
    (N'26', N'9F', N'E棟', 35, 50, 1),
    (N'28', N'9F', N'E棟', 35, 50, 1),
    (N'26', N'10F', N'E棟', 35, 50, 1),
    (N'28', N'10F', N'E棟', 35, 50, 1),
    (N'26', N'11F', N'E棟', 35, 50, 1),
    (N'28', N'11F', N'E棟', 35, 50, 1),
    (N'26', N'12F', N'E棟', 35, 50, 1),
    (N'28', N'12F', N'E棟', 35, 50, 1),
    (N'26', N'13F', N'E棟', 35, 50, 1),
    (N'28', N'13F', N'E棟', 35, 50, 1);

-- units_users
INSERT INTO units_users
    (user_id, unit_id, community_id)
VALUES
    (1, 1, 1),
    (2, 2, 1),
    (3, 3, 1),
    (4, 4, 1),
    (5, 5, 1),
    (6, 6, 1),
    (7, 7, 1),
    (8, 8, 1),
    (9, 9, 1),
    (10, 10, 1),
    (11, 11, 1),
    (12, 12, 1),
    (13, 13, 1),
    (14, 14, 1),
    (15, 15, 1),
    (16, 16, 1),
    (17, 17, 1),
    (18, 18, 1),
    (19, 19, 1),
    (20, 20, 1),
    (21, 21, 1),
    (22, 22, 1),
    (23, 23, 1),
    (24, 24, 1),
    (25, 25, 1),
    (26, 26, 1),
    (27, 27, 1),
    (28, 28, 1),
    (29, 29, 1),
    (30, 30, 1),
    (31, 31, 1),
    (32, 32, 1),
    (33, 33, 1),
    (34, 34, 1),
    (35, 35, 1),
    (36, 36, 1),
    (37, 37, 1),
    (38, 38, 1),
    (39, 39, 1),
    (40, 40, 1),
    (41, 41, 1),
    (42, 42, 1),
    (43, 43, 1),
    (44, 44, 1),
    (45, 45, 1),
    (46, 46, 1),
    (47, 47, 1),
    (48, 48, 1),
    (49, 49, 1),
    (50, 50, 1),
    (51, 51, 1),
    (52, 52, 1),
    (53, 53, 1),
    (54, 54, 1),
    (55, 55, 1),
    (56, 56, 1),
    (57, 57, 1),
    (58, 58, 1),
    (59, 59, 1),
    (60, 60, 1),
    (61, 61, 1),
    (62, 62, 1),
    (63, 63, 1),
    (64, 64, 1),
    (65, 65, 1),
    (66, 66, 1),
    (67, 67, 1),
    (68, 68, 1),
    (69, 69, 1),
    (70, 70, 1),
    (71, 71, 1),
    (72, 72, 1),
    (73, 73, 1),
    (74, 74, 1),
    (75, 75, 1),
    (76, 76, 1),
    (77, 77, 1),
    (78, 78, 1),
    (79, 79, 1),
    (80, 80, 1),
    (81, 81, 1),
    (82, 82, 1),
    (83, 83, 1),
    (84, 84, 1),
    (85, 85, 1),
    (86, 86, 1),
    (87, 87, 1),
    (88, 88, 1),
    (89, 89, 1),
    (90, 90, 1),
    (91, 91, 1),
    (92, 92, 1),
    (93, 93, 1),
    (94, 94, 1),
    (95, 95, 1),
    (96, 96, 1),
    (97, 97, 1),
    (98, 98, 1),
    (99, 99, 1),
    (100, 100, 1),
    (101, 101, 1),
    (102, 102, 1),
    (103, 103, 1),
    (104, 104, 1),
    (105, 105, 1),
    (106, 106, 1),
    (107, 107, 1),
    (108, 108, 1),
    (109, 109, 1),
    (110, 110, 1),
    (111, 111, 1),
    (112, 112, 1),
    (113, 113, 1),
    (114, 114, 1),
    (115, 115, 1),
    (116, 116, 1),
    (117, 117, 1),
    (118, 118, 1),
    (119, 119, 1),
    (120, 120, 1),
    (121, 121, 1),
    (122, 122, 1),
    (123, 123, 1),
    (124, 124, 1),
    (125, 125, 1),
    (126, 126, 1),
    (127, 127, 1),
    (128, 128, 1),
    (129, 129, 1),
    (130, 130, 1),
    (131, 131, 1),
    (132, 132, 1),
    (133, 133, 1),
    (134, 134, 1),
    (135, 135, 1),
    (136, 136, 1),
    (137, 137, 1),
    (138, 138, 1),
    (139, 139, 1),
    (140, 140, 1),
    (141, 141, 1),
    (142, 142, 1),
    (143, 143, 1),
    (144, 144, 1);

-- roles_users
INSERT INTO roles_users
    (user_id, role_id, community_id)
VALUES
    (1, 1, 1),
    (2, 1, 1),
    (3, 1, 1),
    (4, 1, 1),
    (5, 1, 1),
    (6, 1, 1),
    (7, 1, 1),
    (8, 1, 1),
    (9, 1, 1),
    (10, 1, 1),
    (11, 1, 1),
    (12, 1, 1),
    (13, 1, 1),
    (14, 1, 1),
    (15, 1, 1),
    (16, 1, 1),
    (17, 1, 1),
    (18, 1, 1),
    (19, 1, 1),
    (20, 1, 1),
    (21, 1, 1),
    (22, 1, 1),
    (23, 1, 1),
    (24, 1, 1),
    (25, 1, 1),
    (26, 1, 1),
    (27, 1, 1),
    (28, 1, 1),
    (29, 1, 1),
    (30, 1, 1),
    (31, 1, 1),
    (32, 1, 1),
    (33, 1, 1),
    (34, 1, 1),
    (35, 1, 1),
    (36, 1, 1),
    (37, 1, 1),
    (38, 1, 1),
    (39, 1, 1),
    (40, 1, 1),
    (41, 1, 1),
    (42, 1, 1),
    (43, 1, 1),
    (44, 1, 1),
    (45, 1, 1),
    (46, 1, 1),
    (47, 1, 1),
    (48, 1, 1),
    (49, 1, 1),
    (50, 1, 1),
    (51, 1, 1),
    (52, 1, 1),
    (53, 1, 1),
    (54, 1, 1),
    (55, 1, 1),
    (56, 1, 1),
    (57, 1, 1),
    (58, 1, 1),
    (59, 1, 1),
    (60, 1, 1),
    (61, 1, 1),
    (62, 1, 1),
    (63, 1, 1),
    (64, 1, 1),
    (65, 1, 1),
    (66, 1, 1),
    (67, 1, 1),
    (68, 1, 1),
    (69, 1, 1),
    (70, 1, 1),
    (71, 1, 1),
    (72, 1, 1),
    (73, 1, 1),
    (74, 1, 1),
    (75, 1, 1),
    (76, 1, 1),
    (77, 1, 1),
    (78, 1, 1),
    (79, 1, 1),
    (80, 1, 1),
    (81, 1, 1),
    (82, 1, 1),
    (83, 1, 1),
    (84, 1, 1),
    (85, 1, 1),
    (86, 1, 1),
    (87, 1, 1),
    (88, 1, 1),
    (89, 1, 1),
    (90, 1, 1),
    (91, 1, 1),
    (92, 1, 1),
    (93, 1, 1),
    (94, 1, 1),
    (95, 1, 1),
    (96, 1, 1),
    (97, 1, 1),
    (98, 1, 1),
    (99, 1, 1),
    (100, 1, 1),
    (101, 1, 1),
    (102, 1, 1),
    (103, 1, 1),
    (104, 1, 1),
    (105, 1, 1),
    (106, 1, 1),
    (107, 1, 1),
    (108, 1, 1),
    (109, 1, 1),
    (110, 1, 1),
    (111, 1, 1),
    (112, 1, 1),
    (113, 1, 1),
    (114, 1, 1),
    (115, 1, 1),
    (116, 1, 1),
    (117, 1, 1),
    (118, 1, 1),
    (119, 1, 1),
    (120, 1, 1),
    (121, 1, 1),
    (122, 1, 1),
    (123, 1, 1),
    (124, 1, 1),
    (125, 1, 1),
    (126, 1, 1),
    (127, 1, 1),
    (128, 1, 1),
    (129, 1, 1),
    (130, 1, 1),
    (131, 1, 1),
    (132, 1, 1),
    (133, 1, 1),
    (134, 1, 1),
    (135, 1, 1),
    (136, 1, 1),
    (137, 1, 1),
    (138, 1, 1),
    (139, 1, 1),
    (140, 1, 1),
    (141, 1, 1),
    (142, 1, 1),
    (143, 1, 1),
    (144, 1, 1),
    (145, 2, 1);    -- 保全



------------------------------------------------------------------------------------tim結束

------------------------------------------------------------------------------------johnson開始
INSERT INTO ticket (reporter_id, title, issue_description, Cost, notes, community_id)
VALUES
(1, N'電梯卡住', N'住戶反映電梯在3樓停止不動，門無法開啟。', 2000, '已聯絡維修廠商', 1),
(2, N'水管漏水', N'廚房水管接縫處滲水，地板濕滑。', 1500, '需要拆除部分牆面處理', 1),
(3, N'監視器畫面異常', N'中庭監視器無影像，疑似鏡頭損壞或線路問題。', 3000, '報價中', 1),
(4, N'地下室排水異味', N'聞到刺鼻氣味，懷疑排水管堵塞。', 800, '建議定期清潔', 1)


INSERT INTO issue_type (issue_type_name) VALUES (N'電梯');
INSERT INTO issue_type (issue_type_name) VALUES (N'水管');
INSERT INTO issue_type (issue_type_name) VALUES (N'水電');
INSERT INTO issue_type (issue_type_name) VALUES (N'瓦斯');
INSERT INTO issue_type (issue_type_name) VALUES (N'門窗');
INSERT INTO issue_type (issue_type_name) VALUES (N'冷氣');
INSERT INTO issue_type (issue_type_name) VALUES (N'照明');
INSERT INTO issue_type (issue_type_name) VALUES (N'網路');
INSERT INTO issue_type (issue_type_name) VALUES (N'地板');
INSERT INTO issue_type (issue_type_name) VALUES (N'牆面滲水');



INSERT INTO ticket_comment (ticket_id,commenter_id,comment) VALUES (1,1,N'天花板漏水');
INSERT INTO ticket_comment (ticket_id,commenter_id,comment) VALUES (1,2,N'希望趕快處理');
INSERT INTO ticket_comment (ticket_id,commenter_id,comment) VALUES (1,1,N'很困擾');
INSERT INTO ticket_comment (ticket_id,commenter_id,comment) VALUES (1,4,N'我會盡快請廠商解決');



INSERT INTO vendor (vendor_name, contact_person, phone_number, [address], notes, tax_ID_number)
VALUES 
(N'台灣水電工程有限公司', N'陳大明', '0912-345-678', N'台北市信義區松仁路1號', N'配合社區水電維修', 12345678),
(N'安心保全股份有限公司', N'林淑芬', '0987-654-321', N'新北市新店區北新路200號', N'保全駐點合作廠商', 87654321),
(N'環保清潔公司', N'張清潔', '0922-111-333', N'台中市西屯區市政北七路99號', N'每週定期清潔社區', 45678901),
(N'東陽消防設備行', N'李安全', '0933-222-444', N'高雄市苓雅區五福一路123號', N'消防器材巡檢', 78901234),
(N'三重電梯維修中心', N'黃文德', '0955-666-888', N'新北市三重區重新路三段168號', N'社區電梯維保合約', 23456789);

------------------------------------------------------------------------------------johnson結束

------------------------------------------------------------------------------------javert開始
--TRUNCATE TABLE facilities;
INSERT INTO facilities (
    community_id, facility_name, max_users, facility_description, facility_location,
    open_time, close_time, reservable_duration, fee, facility_status, created_at
) VALUES
(1, N'交誼廳', NULL, N'可供住戶聚會、會議或活動使用', N'A棟1樓', '09:00', '21:00', 120, 15, 'active', GETDATE()),
(1, N'健身房', 10, N'配有跑步機、啞鈴、飛輪等設備', N'B棟地下1樓', '09:00', '21:00', 120, 5, 'active', GETDATE()),
(1, N'游泳池', 30, N'僅限住戶使用，請著泳裝並遵守規定', N'戶外區', '09:00', '21:00', 120, 10, 'active', GETDATE()),
(1, N'桌球室B101', NULL, N'提供標準雙人桌球場地，限時使用', N'B1-B101', '09:00', '21:00', 120, 10, 'active', GETDATE()),
(1, N'桌球室B102', NULL, N'提供標準雙人桌球場地，限時使用', N'B1-B102', '09:00', '21:00', 120, 10, 'active', GETDATE()),
(1, N'撞球室', NULL, N'提供撞球桌與器材，需預約使用', N'B2撞球室', '09:00', '21:00', 120, 30, 'active', GETDATE()),
(1, N'停車格A1', NULL, N'地下停車場 A1 車位，可短時預約停車', N'地下1樓-A1', '00:00', '23:59', 720, 10, 'active', GETDATE()),
(1, N'停車格A2', NULL, N'地下停車場 A2 車位，可短時預約停車', N'地下1樓-A2', '00:00', '23:59', 720, 10, 'active', GETDATE());


--TRUNCATE TABLE facility_images;
INSERT INTO facility_images (facility_id, image_url, image_description, sort_order)
VALUES 
(1, '/images/facilities/lounge.png', N'交誼廳外觀', 0),
(2, '/images/facilities/gym.png', N'健身房設備照', 0),
(3, '/images/facilities/pool.png', N'游泳池環境', 0),
(4, '/images/facilities/tabletennis1.png', N'桌球室B101外觀', 0),
(4, '/images/facilities/tabletennis2.png', N'桌球室B102外觀', 1),
(5, '/images/facilities/tabletennis3.png', N'桌球室B102外觀', 0),
(6, '/images/facilities/snooker1.png', N'撞球室環境', 0),
(6, '/images/facilities/snooker2.png', N'撞球室環境', 1),
(6, '/images/facilities/snooker3.png', N'撞球室環境', 2),
(7, '/images/facilities/parking_grid.png', N'地下停車場 A1 車位', 0),
(8, '/images/facilities/parking_grid.png', N'地下停車場 A2 車位', 0);


-- 宣告月底時間（避免每筆都重算）
DECLARE @endOfMonth DATETIME = DATEADD(
    SECOND, -1,
    DATEADD(MONTH, 1, CAST(DATEFROMPARTS(YEAR(GETDATE()), MONTH(GETDATE()), 1) AS DATETIME))
);
--TRUNCATE TABLE facility_reservations;
INSERT INTO facility_reservations (
    community_id, unit_id, facility_id, number_of_users, reservation_start_time, reservation_end_time,
    is_admin, required_points, actual_used_points, point_expire_at, remark, reservation_status, created_at)
VALUES
(1, 1, 1, 5, '2025-06-25 10:00', '2025-06-25 11:00', 0, 15, 15, @endOfMonth, N'首次預約交誼廳', 'APPROVED', GETDATE()),
(1, 2, 2, 2, '2025-06-25 08:00', '2025-06-25 09:00', 0, 10, 10, @endOfMonth, N'早晨健身', 'APPROVED', GETDATE()),
(1, 3, 3, 1, '2025-06-25 17:00', '2025-06-25 18:00', 0, 10, 10, @endOfMonth, N'傍晚游泳', 'APPROVED', GETDATE()),
(1, 1, 4, 2, '2025-06-26 14:00', '2025-06-26 15:00', 0, 10, 10, @endOfMonth, NULL, 'APPROVED', GETDATE()),
(1, 2, 5, 2, '2025-06-26 15:00', '2025-06-26 16:00', 0, 10, 10, @endOfMonth, NULL, 'APPROVED', GETDATE()),
(1, 3, 6, 4, '2025-06-27 19:00', '2025-06-27 20:00', 0, 20, 20, @endOfMonth, N'週五撞球', 'APPROVED', GETDATE()),
(1, 1, 2, 1, '2025-06-28 07:00', '2025-06-28 08:00', 0, 10, 10, @endOfMonth, N'健身重訓', 'APPROVED', GETDATE()),
(1, 2, 1, 6, '2025-06-28 18:00', '2025-06-28 19:00', 0, 15, 15, @endOfMonth, NULL, 'APPROVED', GETDATE()),
(1, 3, 3, 2, '2025-06-29 12:00', '2025-06-29 13:00', 0, 10, 10, @endOfMonth, NULL, 'APPROVED', GETDATE()),
(1, 3, 4, 2, '2025-06-29 20:00', '2025-06-29 21:00', 0, 10, 10, @endOfMonth, NULL, 'APPROVED', GETDATE()),
(1, 4, 1, 3, '2025-06-30 09:00', '2025-06-30 10:00', 0, 15, 15, @endOfMonth, N'交誼廳早會', 'APPROVED', GETDATE()),
(1, 5, 2, 2, '2025-07-01 07:00', '2025-07-01 08:00', 0, 10, 10, @endOfMonth, N'健身有氧', 'APPROVED', GETDATE()),
(1, 6, 3, 1, '2025-07-01 18:00', '2025-07-01 19:00', 0, 10, 10, @endOfMonth, N'游泳課', 'APPROVED', GETDATE()),
(1, 7, 4, 2, '2025-07-02 15:00', '2025-07-02 16:00', 0, 10, 10, @endOfMonth, NULL, 'APPROVED', GETDATE()),
(1, 8, 5, 3, '2025-07-02 20:00', '2025-07-02 21:00', 0, 10, 10, @endOfMonth, N'桌球比賽', 'APPROVED', GETDATE()),
(1, 1, 6, 2, '2025-07-03 19:00', '2025-07-03 20:00', 0, 20, 20, @endOfMonth, N'撞球練習', 'APPROVED', GETDATE()),
(1, 2, 1, 4, '2025-07-04 10:00', '2025-07-04 11:00', 0, 15, 15, @endOfMonth, NULL, 'APPROVED', GETDATE()),
(1, 3, 2, 1, '2025-07-04 08:00', '2025-07-04 09:00', 0, 10, 10, @endOfMonth, NULL, 'APPROVED', GETDATE()),
(1, 4, 3, 2, '2025-07-05 17:00', '2025-07-05 18:00', 0, 10, 10, @endOfMonth, N'假日游泳', 'APPROVED', GETDATE()),
(1, 5, 4, 3, '2025-07-05 13:00', '2025-07-05 14:00', 0, 10, 10, @endOfMonth, NULL, 'APPROVED', GETDATE()),
(1, 6, 5, 1, '2025-07-06 14:00', '2025-07-06 15:00', 0, 10, 10, @endOfMonth, N'休閒桌球', 'APPROVED', GETDATE()),
(1, 7, 6, 2, '2025-07-06 19:00', '2025-07-06 20:00', 0, 20, 20, @endOfMonth, NULL, 'APPROVED', GETDATE()),
(1, 8, 1, 5, '2025-07-07 10:00', '2025-07-07 11:00', 0, 15, 15, @endOfMonth, NULL, 'APPROVED', GETDATE()),
(1, 1, 2, 2, '2025-07-07 07:00', '2025-07-07 08:00', 0, 10, 10, @endOfMonth, NULL, 'APPROVED', GETDATE()),
(1, 2, 3, 3, '2025-07-08 17:00', '2025-07-08 18:00', 0, 10, 10, @endOfMonth, NULL, 'APPROVED', GETDATE()),
(1, 3, 4, 2, '2025-07-08 15:00', '2025-07-08 16:00', 0, 10, 10, @endOfMonth, N'打電動', 'APPROVED', GETDATE()),
(1, 4, 5, 1, '2025-07-09 16:00', '2025-07-09 17:00', 0, 10, 10, @endOfMonth, NULL, 'APPROVED', GETDATE()),
(1, 5, 6, 4, '2025-07-09 19:00', '2025-07-09 20:00', 0, 20, 20, @endOfMonth, NULL, 'APPROVED', GETDATE()),
(1, 6, 2, 3, '2025-07-10 08:00', '2025-07-10 09:00', 0, 10, 10, @endOfMonth, N'晨間健身', 'APPROVED', GETDATE()),
(1, 7, 3, 2, '2025-08-02 17:00', '2025-08-02 18:00', 0, 10, 10, @endOfMonth, N'八月游泳開跑', 'APPROVED', GETDATE());




--TRUNCATE TABLE point_accounts;
-- 宣告月底時間（避免每筆都重算）

DECLARE @endOfMonth DATETIME = DATEADD(
    SECOND, -1,
    DATEADD(MONTH, 1, CAST(DATEFROMPARTS(YEAR(GETDATE()), MONTH(GETDATE()), 1) AS DATETIME))
);

-- 插入資料
INSERT INTO point_accounts (
    community_id, unit_id, total_balance, expired_at, updated_at
) VALUES
(1, 1, 100, @endOfMonth, GETDATE()),   -- 張三：剛領 100 系統點
(1, 2, 150, @endOfMonth, GETDATE()),   -- 李四：有儲值 50 點
(1, 3, 80, @endOfMonth, GETDATE()),    -- 王五：系統點已用部分
(1, 4, 200, @endOfMonth, GETDATE()),   -- 陳六：用戶很活躍
(1, 5, 0, @endOfMonth, GETDATE()),     -- 林七：尚未領點
(1, 6, 120, @endOfMonth, GETDATE()),   -- 馬八：剛領完點尚未使用
(1, 7, 60, @endOfMonth, GETDATE()),    -- 趙九：點數所剩不多
(1, 8, 180, @endOfMonth, GETDATE());   -- 孫十：儲值大戶


--TRUNCATE TABLE point_transactions;
INSERT INTO point_transactions (
    community_id, unit_id, transaction_type, amount,
    related_unit_id, related_reservation_id, transaction_description, created_at
) VALUES
(1, 1, 'RESERVATION', -15, NULL, 1, N'預約交誼廳扣點', GETDATE()),
(1, 2, 'RESERVATION', -10, NULL, 2, N'預約健身房扣點', GETDATE()),
(1, 3, 'RESERVATION', -10, NULL, 3, N'預約游泳池扣點', GETDATE()),
(1, 1, 'RESERVATION', -10, NULL, 4, N'預約電玩室扣點', GETDATE()),
(1, 2, 'RESERVATION', -10, NULL, 5, N'預約桌球室扣點', GETDATE()),
(1, 3, 'RESERVATION', -20, NULL, 6, N'預約撞球室扣點', GETDATE()),
(1, 1, 'RESERVATION', -10, NULL, 7, N'早晨健身房', GETDATE()),
(1, 2, 'RESERVATION', -15, NULL, 8, N'交誼廳活動', GETDATE()),
(1, 3, 'RESERVATION', -10, NULL, 9, N'游泳', GETDATE()),
(1, 3, 'RESERVATION', -10, NULL, 10, N'桌球', GETDATE()),
(1, 4, 'RESERVATION', -15, NULL, 11, N'交誼廳早會', GETDATE()),
(1, 5, 'RESERVATION', -10, NULL, 12, N'健身有氧', GETDATE()),
(1, 6, 'RESERVATION', -10, NULL, 13, N'游泳課', GETDATE()),
(1, 7, 'RESERVATION', -10, NULL, 14, N'電玩時間', GETDATE()),
(1, 8, 'RESERVATION', -10, NULL, 15, N'桌球對戰', GETDATE()),
(1, 1, 'RESERVATION', -20, NULL, 16, N'撞球練習', GETDATE()),
(1, 2, 'RESERVATION', -15, NULL, 17, N'交誼廳聊天', GETDATE()),
(1, 3, 'RESERVATION', -10, NULL, 18, N'健身早晨', GETDATE()),
(1, 4, 'RESERVATION', -10, NULL, 19, N'游泳週末', GETDATE()),
(1, 5, 'RESERVATION', -10, NULL, 20, N'電玩', GETDATE()),
(1, 6, 'RESERVATION', -10, NULL, 21, N'桌球練習', GETDATE()),
(1, 7, 'RESERVATION', -20, NULL, 22, N'撞球日常', GETDATE()),
(1, 8, 'RESERVATION', -15, NULL, 23, N'交誼聚會', GETDATE()),
(1, 1, 'RESERVATION', -10, NULL, 24, N'晨間健身', GETDATE()),
(1, 2, 'RESERVATION', -10, NULL, 25, N'游泳補習', GETDATE()),
(1, 3, 'RESERVATION', -10, NULL, 26, N'電玩活動', GETDATE()),
(1, 4, 'RESERVATION', -10, NULL, 27, N'桌球爭霸', GETDATE()),
(1, 5, 'RESERVATION', -20, NULL, 28, N'撞球邀請賽', GETDATE()),
(1, 6, 'RESERVATION', -10, NULL, 29, N'健身特訓', GETDATE()),
(1, 7, 'RESERVATION', -10, NULL, 30, N'八月游泳開跑', GETDATE()),
(1, 2, 'CANCEL', +10, NULL, 2, N'取消健身房退還點數', GETDATE()),
(1, 1, 'TOPUP', +50, NULL, NULL, N'管理室加值 50 點', GETDATE()),
(1, 5, 'TOPUP', +100, NULL, NULL, N'系統儲值', GETDATE()),
(1, 4, 'TRANSFER_OUT', -30, 1, NULL, N'轉給張三', GETDATE()),
(1, 1, 'TRANSFER_IN', +30, 4, NULL, N'陳六轉點', GETDATE());
------------------------------------------------------------------------------------javert結束

------------------------------------------------------------------------------------Sara開始

-- 1. 費用類別
INSERT INTO finance_Fee_Type (description, fee_code, amount_Per_Unit, frequency, unit, created_at, last_updated, created_by, updated_by, status, note, community_id)
VALUES
('管理費', 'MGF001', 50.00, '1', '每坪', GETDATE(), GETDATE(), 1, 1, 1, '依坪數收費', 1),
('清潔費', 'CLF001', 300.00, '1', '每戶', GETDATE(), GETDATE(), 1, 1, 1, '每戶固定費用', 1),
('公攤水費', 'WTF001', 25.00, '1', '每住戶', GETDATE(), GETDATE(), 1, 1, 1, '依用量收費', 1),
('公攤電費', 'ELF001', 3.00, '1', '每住戶', GETDATE(), GETDATE(), 1, 1, 1, '公共用電', 1),
('車位管理費', 'CPF001', 500.00, '1', '車位', GETDATE(), GETDATE(), 1, 1, 1, '每車位月管理費', 1);

-- 2. 期別表
INSERT INTO finance_Billing_Period (period_name, period_code, start_date, end_date, due_date, created_at, last_updated, created_by, updated_by, status, note, community_id)
VALUES
('2025年1月', '25M1', '2025-01-01', '2025-01-31', '2025-01-10', GETDATE(), GETDATE(), 1, 1, 1, 'System generated', 1),
('2025年2月', '25M2', '2025-02-01', '2025-02-28', '2025-02-10', GETDATE(), GETDATE(), 1, 1, 1, 'System generated', 1),
('2025年3月', '25M3', '2025-03-01', '2025-03-31', '2025-03-10', GETDATE(), GETDATE(), 1, 1, 1, 'System generated', 1),
('2025年4月', '25M4', '2025-04-01', '2025-04-30', '2025-04-10', GETDATE(), GETDATE(), 1, 1, 1, 'System generated', 1),
('2025年5月', '25M5', '2025-05-01', '2025-05-31', '2025-05-10', GETDATE(), GETDATE(), 1, 1, 1, 'System generated', 1),
('2025年6月', '25M6', '2025-06-01', '2025-06-30', '2025-06-10', GETDATE(), GETDATE(), 1, 1, 1, 'System generated', 1),
('2025年1季', '25Q1', '2025-01-01', '2025-03-31', '2025-01-01', GETDATE(), GETDATE(), 1, 1, 1, 'System generated', 1),
('2025年2季', '25Q2', '2025-04-01', '2025-06-30', '2025-04-01', GETDATE(), GETDATE(), 1, 1, 1, 'System generated', 1),
('2025年7月', '25M7', '2025-07-01', '2025-07-31', '2025-07-10', GETDATE(), GETDATE(), 1, 1, 1, 'System generated',  1),
('2025年3季', '25Q3', '2025-07-01', '2025-09-30', '2025-07-01', GETDATE(), GETDATE(), 1, 1, 1, 'System generated',  1),
('2025年8月', '25M8', '2025-08-01', '2025-08-31', '2025-08-10', GETDATE(), GETDATE(), 1, 1, 1, 'System generated',  1),
('2025年9月', '25M9', '2025-09-01', '2025-09-30', '2025-09-10', GETDATE(), GETDATE(), 1, 1, 1, 'System generated', 1),
('2025年4季', '25Q4', '2025-10-01', '2025-12-31', '2025-10-01', GETDATE(), GETDATE(), 1, 1, 1, 'System generated', 1),
('2025年10月', '25M10', '2025-10-01', '2025-10-31', '2025-10-10', GETDATE(), GETDATE(), 1, 1, 1, 'System generated', 1),
('2025年11月', '25M11', '2025-11-01', '2025-11-30', '2025-11-10', GETDATE(), GETDATE(), 1, 1, 1, 'System generated', 1),
('2025年12月', '25M12', '2025-12-01', '2025-12-31', '2025-12-10', GETDATE(), GETDATE(), 1, 1, 1, 'System generated', 1);

-- 3. 應收帳款（請款單）
INSERT INTO finance_Invoice (
    amount_due, period_name, deadline, payment_plan,
    unit_count, unit_price, total_amount, payment_Status,
    created_at, last_updated, created_by, updated_by,
    status, note, users_id, fee_type_id, billing_period_id, community_id
) VALUES
(100, '2025年8月', '2025-08-05', 'monthly', 4, 25, 100, 'unpaid', GETDATE(), GETDATE(), 1, 1, 1, '清潔費', 1, 2, 11, 1),
(300, '2025年8月', '2025-08-10', 'monthly', 1, 300, 300, 'unpaid', GETDATE(), GETDATE(), 1, 1, 1, '車位費', 1, 5, 11, 1),
(36000, '2025年7月', '2025-07-10', 'monthly', 30, 1200, 36000, 'unpaid', GETDATE(), GETDATE(), 1, 1, 1, 'Sys-Gen 管理費', 1, 1, 9, 1),
(180, '2025年9月', '2025-09-10', 'monthly', 6, 30, 180, 'unpaid', GETDATE(), GETDATE(), 1, 1, 1, '電費', 1, 4, 12, 1),
(240, '2025年9月', '2025-09-25', 'monthly', 8, 30, 240, 'unpaid', GETDATE(), GETDATE(), 1, 1, 1, '公設費', 1, 3, 12, 1),
(36000, '2025年7月', '2025-07-12', 'monthly', 30, 1200, 36000, 'unpaid', GETDATE(), GETDATE(), 1, 1, 1, 'Sys-Gen 管理費', 2, 1, 9, 1),
(75, '2025年8月', '2025-08-08', 'monthly', 3, 25, 75, 'unpaid', GETDATE(), GETDATE(), 1, 1, 1, '', 2, 2, 11, 1),
(500, '2025年8月', '2025-08-18', 'monthly', 1, 500, 500, 'unpaid', GETDATE(), GETDATE(), 1, 1, 1, '', 2, 5, 11, 1),
(90, '2025年9月', '2025-09-10', 'monthly', 30, 3, 90, 'unpaid', GETDATE(), GETDATE(), 1, 1, 1, '電費', 2, 4, 12, 1),
(200, '2025年9月', '2025-09-20', 'monthly', 2, 100, 200, 'unpaid', GETDATE(), GETDATE(), 1, 1, 1, '', 2, 3, 12, 1),
(36000, '2025年8月', '2025-08-10', 'monthly', 30, 1200, 36000, 'unpaid', GETDATE(), GETDATE(), 1, 1, 1, '管理費', 5, 1, 11, 1),
(36000, '2025年8月', '2025-08-11', 'monthly', 30, 1200, 36000, 'unpaid', GETDATE(), GETDATE(), 1, 1, 1, '管理費', 9, 1, 11, 1),
(36000, '2025年8月', '2025-08-12', 'monthly', 30, 1200, 36000, 'unpaid', GETDATE(), GETDATE(), 1, 1, 1, '管理費', 10, 1, 11, 1),

-- 上半年已繳資料
(1200, '2025年1月', '2025-01-10', 'monthly', 24, 50, 1200, 'paid', GETDATE(), GETDATE(), 1, 1, 1, '管理費', 1, 1, 1, 1),
(300,  '2025年2月', '2025-02-10', 'monthly', 1, 300, 300, 'paid', GETDATE(), GETDATE(), 1, 1, 1, '清潔費', 1, 2, 2, 1),
(500,  '2025年3月', '2025-03-10', 'monthly', 1, 500, 500, 'paid', GETDATE(), GETDATE(), 1, 1, 1, '車位費', 1, 5, 3, 1),
(75,   '2025年4月', '2025-04-10', 'monthly', 3, 25, 75, 'paid', GETDATE(), GETDATE(), 1, 1, 1, '水費', 1, 3, 4, 1),
(90,   '2025年5月', '2025-05-10', 'monthly', 30, 3, 90, 'paid', GETDATE(), GETDATE(), 1, 1, 1, '電費', 1, 4, 5, 1),
(1200, '2025年1月', '2025-01-11', 'monthly', 24, 50, 1200, 'paid', GETDATE(), GETDATE(), 1, 1, 1, '管理費', 2, 1, 1, 1),
(300,  '2025年2月', '2025-02-11', 'monthly', 1, 300, 300, 'paid', GETDATE(), GETDATE(), 1, 1, 1, '清潔費', 2, 2, 2, 1),
(500,  '2025年3月', '2025-03-11', 'monthly', 1, 500, 500, 'paid', GETDATE(), GETDATE(), 1, 1, 1, '車位費', 2, 5, 3, 1),
(75,   '2025年4月', '2025-04-11', 'monthly', 3, 25, 75, 'paid', GETDATE(), GETDATE(), 1, 1, 1, '水費', 2, 3, 4, 1),
(90,   '2025年6月', '2025-06-10', 'monthly', 30, 3, 90, 'paid', GETDATE(), GETDATE(), 1, 1, 1, '電費', 2, 4, 6, 1);


-- 4. 財務支出
INSERT INTO finance_Expense (category, amount, paid_on, paid_by, receipt, vendor_id, created_at, last_updated, created_by, updated_by, status, note, community_id)
VALUES
('水塔清洗', 5000, '2025-08-15', '管理員', NULL, 1, GETDATE(), GETDATE(), 1, 1, 1, '年度水塔清洗', 1),
('電梯保養', 8000, '2025-09-10', '管理員', NULL, 2, GETDATE(), GETDATE(), 1, 1, 1, '季度保養', 1),
('花園維護', 2000, '2025-10-05', '管理員', NULL, 3, GETDATE(), GETDATE(), 1, 1, 1, '秋季修剪', 2),
('消防檢查', 3000, '2025-11-20', '管理員', NULL, 4, GETDATE(), GETDATE(), 1, 1, 1, '年度消防', 2),
('社區活動', 1500, '2025-12-25', '管理員', NULL, 5, GETDATE(), GETDATE(), 1, 1, 1, '聖誕活動', 1);

-- 更新後的請款單回覆（時間調整為 7/25 前一個月內）
INSERT INTO finance_Invoice_Response (last_response_time, account_code, last_response, verified, verified_time, verified_by, users_id, invoice_id)
VALUES 
('2025-06-26', '12345', '已匯款,請查收', 1, '2025-06-27', 1, 1, 1),
('2025-06-28', null, '我已經匯款等很久了，請快點審核', 1, '2025-06-29', 1, 2, 1),
('2025-07-01', '54321', '已繳交', 1, '2025-07-02', 1, 2, 2),
('2025-07-14', null, '現金繳交，已交給管理員', 1, '2025-07-14', 1, 1, 3),
('2025-07-15', null, '麻煩快點更新狀態，謝謝', 1, '2025-07-15', 1, 2, 3),
('2025-07-07', '11223', '我已匯款', 1, '2025-07-08', 1, 1, 4),
('2025-07-09', null, '10月已繳費，請確認', 1, '2025-07-10', 1, 2, 5),
('2025-07-10', null, '匯款後沒更新狀態', 1, '2025-07-11', 1, 1, 5),
('2025-07-12', '88991', '轉帳完成', 1, '2025-07-13', 1, 2, 6),
('2025-07-13', null, '我用現金給櫃檯了', 1, '2025-07-14', 1, 1, 7),
('2025-07-14', '00112', '請查收匯款', 1, '2025-07-15', 1, 1, 8),
('2025-07-16', null, '已繳交費用', 1, '2025-07-17', 1, 2, 8),
('2025-07-17', null, '現金繳交完成', 1, '2025-07-18', 1, 1, 9),
('2025-07-19', '44556', '轉帳成功', 1, '2025-07-20', 1, 2, 10),
('2025-07-20', null, '已過三天尚未審核，請處理', 1, '2025-07-21', 1, 1, 10),
('2025-07-21', null, '付款完成', 1, '2025-07-22', 1, 1, 11),
('2025-07-22', '77889', '已繳交費用', 1, '2025-07-23', 1, 2, 12),
('2025-07-23', null, '管理室已收款', 1, '2025-07-24', 1, 9, 12),
('2025-07-24', null, '匯款後沒更新狀態', 1, '2025-07-24', 1, 10, 13),
('2025-07-24', null, '我轉帳給會計了，請查收', 1, '2025-07-24', 1, 10, 13);



-- 6. 實收明細
INSERT INTO finance_Receipt (receipt_num, payment_method, paid_at, debit_at, amount_pay, installments, created_at, last_updated, created_by, updated_by, status, note, invoice_id, users_id, community_id)
VALUES
('R20250101', '轉帳', '2025-01-10', '2025-01-11', 1200, NULL, GETDATE(), GETDATE(), 1, 1, 1, '管理費收據', 14, 1, 1),
('R20250201', '現金', '2025-02-15', '2025-02-16', 300, NULL, GETDATE(), GETDATE(), 1, 1, 1, '清潔費收據', 15, 1, 1),
('R20250301', '轉帳', '2025-03-12', '2025-03-13', 500, NULL, GETDATE(), GETDATE(), 1, 1, 1, '車位費收據', 16, 1, 1),
('R20250401', '現金', '2025-04-18', '2025-04-19', 75, NULL, GETDATE(), GETDATE(), 1, 1, 1, '水費收據', 17, 1, 1),
('R20250501', '轉帳', '2025-05-22', '2025-05-23', 90, NULL, GETDATE(), GETDATE(), 1, 1, 1, '電費收據', 18, 1, 1),

('R20250102', '轉帳', '2025-01-11', '2025-01-12', 1200, NULL, GETDATE(), GETDATE(), 1, 1, 1, '管理費收據', 19, 2, 1),
('R20250202', '現金', '2025-02-14', '2025-02-15', 300, NULL, GETDATE(), GETDATE(), 1, 1, 1, '清潔費收據', 20, 2, 1),
('R20250302', '轉帳', '2025-03-18', '2025-03-19', 500, NULL, GETDATE(), GETDATE(), 1, 1, 1, '車位費收據', 21, 2, 1),
('R20250402', '現金', '2025-04-20', '2025-04-21', 75, NULL, GETDATE(), GETDATE(), 1, 1, 1, '水費收據', 22, 2, 1),
('R20250602', '轉帳', '2025-06-10', '2025-06-11', 90, NULL, GETDATE(), GETDATE(), 1, 1, 1, '電費收據', 23, 2, 1);

------------------------------------------------------------------------------------Sara結束